2021-11-10,invoice_0_1, INVOICE_DATE
Tyler Robinson,invoice_0_1,GUEST_NAME
7145,invoice_0_1,INVOICE_NUMBER
2022-06-25,invoice_1_1, INVOICE_DATE
Michael Anderson DDS,invoice_1_1,GUEST_NAME
5000,invoice_1_1,INVOICE_NUMBER
2021-11-24,invoice_2_1, INVOICE_DATE
James Hobbs,invoice_2_1,GUEST_NAME
4242,invoice_2_1,INVOICE_NUMBER
2021-10-10,invoice_3_1, INVOICE_DATE
Natalie Sanchez,invoice_3_1,GUEST_NAME
4734,invoice_3_1,INVOICE_NUMBER
2022-08-14,invoice_4_1, INVOICE_DATE
Ethan Jimenez,invoice_4_1,GUEST_NAME
6932,invoice_4_1,INVOICE_NUMBER
2021-11-11,invoice_5_1, INVOICE_DATE
Brittany Robinson,invoice_5_1,GUEST_NAME
5829,invoice_5_1,INVOICE_NUMBER
2022-06-18,invoice_6_1, INVOICE_DATE
Leon Gonzalez,invoice_6_1,GUEST_NAME
8324,invoice_6_1,INVOICE_NUMBER
2021-10-04,invoice_7_1, INVOICE_DATE
Daniel Hughes,invoice_7_1,GUEST_NAME
6536,invoice_7_1,INVOICE_NUMBER
2021-09-21,invoice_8_1, INVOICE_DATE
Dawn Johnson,invoice_8_1,GUEST_NAME
9188,invoice_8_1,INVOICE_NUMBER
2021-10-04,invoice_9_1, INVOICE_DATE
Kyle Anderson,invoice_9_1,GUEST_NAME
6059,invoice_9_1,INVOICE_NUMBER
2021-09-09,invoice_10_1, INVOICE_DATE
Brian Freeman,invoice_10_1,GUEST_NAME
4878,invoice_10_1,INVOICE_NUMBER
2021-12-20,invoice_11_1, INVOICE_DATE
Caleb Woodward,invoice_11_1,GUEST_NAME
3940,invoice_11_1,INVOICE_NUMBER
2022-08-13,invoice_12_1, INVOICE_DATE
Debra Burns,invoice_12_1,GUEST_NAME
7528,invoice_12_1,INVOICE_NUMBER
2021-12-10,invoice_13_1, INVOICE_DATE
Sarah Robbins,invoice_13_1,GUEST_NAME
5095,invoice_13_1,INVOICE_NUMBER
2022-01-12,invoice_14_1, INVOICE_DATE
Amanda Olsen,invoice_14_1,GUEST_NAME
9853,invoice_14_1,INVOICE_NUMBER
2022-06-24,invoice_15_1, INVOICE_DATE
Justin Scott,invoice_15_1,GUEST_NAME
6839,invoice_15_1,INVOICE_NUMBER
2022-03-15,invoice_16_1, INVOICE_DATE
Joann Hogan,invoice_16_1,GUEST_NAME
8835,invoice_16_1,INVOICE_NUMBER
2022-03-21,invoice_17_1, INVOICE_DATE
Jessica Lewis,invoice_17_1,GUEST_NAME
7682,invoice_17_1,INVOICE_NUMBER
2021-09-02,invoice_18_1, INVOICE_DATE
Christopher Cooper,invoice_18_1,GUEST_NAME
4686,invoice_18_1,INVOICE_NUMBER
2021-11-17,invoice_19_1, INVOICE_DATE
Shawn Craig,invoice_19_1,GUEST_NAME
3379,invoice_19_1,INVOICE_NUMBER
2022-02-23,invoice_20_1, INVOICE_DATE
Victoria Pennington,invoice_20_1,GUEST_NAME
1921,invoice_20_1,INVOICE_NUMBER
2022-07-12,invoice_21_1, INVOICE_DATE
Carl Roberts,invoice_21_1,GUEST_NAME
4689,invoice_21_1,INVOICE_NUMBER
2022-08-15,invoice_22_1, INVOICE_DATE
Ashley Ellis,invoice_22_1,GUEST_NAME
4133,invoice_22_1,INVOICE_NUMBER
2021-09-29,invoice_23_1, INVOICE_DATE
Theresa Miller,invoice_23_1,GUEST_NAME
1899,invoice_23_1,INVOICE_NUMBER
2021-10-16,invoice_24_1, INVOICE_DATE
Ann Adkins,invoice_24_1,GUEST_NAME
7128,invoice_24_1,INVOICE_NUMBER
2022-08-29,invoice_25_1, INVOICE_DATE
Karl Henderson,invoice_25_1,GUEST_NAME
4196,invoice_25_1,INVOICE_NUMBER
2022-01-17,invoice_26_1, INVOICE_DATE
Joshua Keller,invoice_26_1,GUEST_NAME
3361,invoice_26_1,INVOICE_NUMBER
2022-01-20,invoice_27_1, INVOICE_DATE
Mrs. Donna Johnson,invoice_27_1,GUEST_NAME
4227,invoice_27_1,INVOICE_NUMBER
2022-08-16,invoice_28_1, INVOICE_DATE
Lauren Alexander,invoice_28_1,GUEST_NAME
5189,invoice_28_1,INVOICE_NUMBER
2022-06-23,invoice_29_1, INVOICE_DATE
Amanda Arnold,invoice_29_1,GUEST_NAME
3618,invoice_29_1,INVOICE_NUMBER
2021-11-15,invoice_30_1, INVOICE_DATE
Aaron Perkins,invoice_30_1,GUEST_NAME
2126,invoice_30_1,INVOICE_NUMBER
2022-07-25,invoice_31_1, INVOICE_DATE
Darren Ruiz,invoice_31_1,GUEST_NAME
4708,invoice_31_1,INVOICE_NUMBER
2022-08-04,invoice_32_1, INVOICE_DATE
Daniel Franklin,invoice_32_1,GUEST_NAME
4343,invoice_32_1,INVOICE_NUMBER
2021-10-13,invoice_33_1, INVOICE_DATE
Cassidy Wheeler,invoice_33_1,GUEST_NAME
1441,invoice_33_1,INVOICE_NUMBER
2022-08-14,invoice_34_1, INVOICE_DATE
Jacob Green,invoice_34_1,GUEST_NAME
2846,invoice_34_1,INVOICE_NUMBER
2022-02-06,invoice_35_1, INVOICE_DATE
Thomas Sanchez,invoice_35_1,GUEST_NAME
8486,invoice_35_1,INVOICE_NUMBER
2021-12-25,invoice_36_1, INVOICE_DATE
Rose Hardin,invoice_36_1,GUEST_NAME
1756,invoice_36_1,INVOICE_NUMBER
2021-11-09,invoice_37_1, INVOICE_DATE
Carl Bailey,invoice_37_1,GUEST_NAME
6110,invoice_37_1,INVOICE_NUMBER
2022-08-31,invoice_38_1, INVOICE_DATE
Carmen Thomas,invoice_38_1,GUEST_NAME
6601,invoice_38_1,INVOICE_NUMBER
2022-04-13,invoice_39_1, INVOICE_DATE
Ann Mcbride,invoice_39_1,GUEST_NAME
2596,invoice_39_1,INVOICE_NUMBER
2022-03-26,invoice_40_1, INVOICE_DATE
Kenneth Smith,invoice_40_1,GUEST_NAME
5483,invoice_40_1,INVOICE_NUMBER
2021-09-21,invoice_41_1, INVOICE_DATE
Chad Campbell,invoice_41_1,GUEST_NAME
5118,invoice_41_1,INVOICE_NUMBER
2022-02-24,invoice_42_1, INVOICE_DATE
Patricia Jones,invoice_42_1,GUEST_NAME
7510,invoice_42_1,INVOICE_NUMBER
2022-04-25,invoice_43_1, INVOICE_DATE
Isaac Wyatt,invoice_43_1,GUEST_NAME
9259,invoice_43_1,INVOICE_NUMBER
2022-08-12,invoice_44_1, INVOICE_DATE
Anthony Thomas,invoice_44_1,GUEST_NAME
4830,invoice_44_1,INVOICE_NUMBER
2022-06-26,invoice_45_1, INVOICE_DATE
Steven Graham,invoice_45_1,GUEST_NAME
3088,invoice_45_1,INVOICE_NUMBER
2021-12-11,invoice_46_1, INVOICE_DATE
Lori Daniel,invoice_46_1,GUEST_NAME
7874,invoice_46_1,INVOICE_NUMBER
2021-10-05,invoice_47_1, INVOICE_DATE
Frances Weeks,invoice_47_1,GUEST_NAME
8550,invoice_47_1,INVOICE_NUMBER
2021-09-01,invoice_48_1, INVOICE_DATE
Jennifer Larson,invoice_48_1,GUEST_NAME
8944,invoice_48_1,INVOICE_NUMBER
2022-03-22,invoice_49_1, INVOICE_DATE
Troy Key,invoice_49_1,GUEST_NAME
7518,invoice_49_1,INVOICE_NUMBER
2022-04-24,invoice_50_1, INVOICE_DATE
William Simpson,invoice_50_1,GUEST_NAME
2714,invoice_50_1,INVOICE_NUMBER
2021-09-20,invoice_51_1, INVOICE_DATE
Martha Garcia,invoice_51_1,GUEST_NAME
2576,invoice_51_1,INVOICE_NUMBER
2022-05-27,invoice_52_1, INVOICE_DATE
Stephen Wallace,invoice_52_1,GUEST_NAME
4527,invoice_52_1,INVOICE_NUMBER
2022-02-06,invoice_53_1, INVOICE_DATE
Peter Wilson,invoice_53_1,GUEST_NAME
2428,invoice_53_1,INVOICE_NUMBER
2021-11-27,invoice_54_1, INVOICE_DATE
Ray Huffman,invoice_54_1,GUEST_NAME
5813,invoice_54_1,INVOICE_NUMBER
2022-03-19,invoice_55_1, INVOICE_DATE
Michael Bryant,invoice_55_1,GUEST_NAME
5057,invoice_55_1,INVOICE_NUMBER
2021-09-18,invoice_56_1, INVOICE_DATE
Haley Solomon,invoice_56_1,GUEST_NAME
5382,invoice_56_1,INVOICE_NUMBER
2022-01-23,invoice_57_1, INVOICE_DATE
Laura York,invoice_57_1,GUEST_NAME
5274,invoice_57_1,INVOICE_NUMBER
2022-08-25,invoice_58_1, INVOICE_DATE
Amanda Donaldson,invoice_58_1,GUEST_NAME
3357,invoice_58_1,INVOICE_NUMBER
2021-10-08,invoice_59_1, INVOICE_DATE
Melissa Flores,invoice_59_1,GUEST_NAME
7174,invoice_59_1,INVOICE_NUMBER
2022-05-23,invoice_60_1, INVOICE_DATE
Thomas Meyer,invoice_60_1,GUEST_NAME
8940,invoice_60_1,INVOICE_NUMBER
2022-03-30,invoice_61_1, INVOICE_DATE
Gregory Warner,invoice_61_1,GUEST_NAME
9483,invoice_61_1,INVOICE_NUMBER
2021-10-02,invoice_62_1, INVOICE_DATE
Jennifer Robinson,invoice_62_1,GUEST_NAME
5470,invoice_62_1,INVOICE_NUMBER
2022-05-27,invoice_63_1, INVOICE_DATE
Stephen Davis,invoice_63_1,GUEST_NAME
2139,invoice_63_1,INVOICE_NUMBER
2022-04-13,invoice_64_1, INVOICE_DATE
Tara Hopkins,invoice_64_1,GUEST_NAME
1753,invoice_64_1,INVOICE_NUMBER
2022-02-15,invoice_65_1, INVOICE_DATE
Kenneth Williams,invoice_65_1,GUEST_NAME
8869,invoice_65_1,INVOICE_NUMBER
2022-02-14,invoice_66_1, INVOICE_DATE
Tiffany Wright,invoice_66_1,GUEST_NAME
3618,invoice_66_1,INVOICE_NUMBER
2022-03-01,invoice_67_1, INVOICE_DATE
Jessica Crawford,invoice_67_1,GUEST_NAME
1788,invoice_67_1,INVOICE_NUMBER
2022-02-13,invoice_68_1, INVOICE_DATE
William Dickerson,invoice_68_1,GUEST_NAME
5183,invoice_68_1,INVOICE_NUMBER
2021-10-01,invoice_69_1, INVOICE_DATE
Justin Woods,invoice_69_1,GUEST_NAME
2207,invoice_69_1,INVOICE_NUMBER
2022-05-30,invoice_70_1, INVOICE_DATE
Shelby Hickman,invoice_70_1,GUEST_NAME
6016,invoice_70_1,INVOICE_NUMBER
2022-08-14,invoice_71_1, INVOICE_DATE
Brandi Hayes,invoice_71_1,GUEST_NAME
3143,invoice_71_1,INVOICE_NUMBER
2022-06-09,invoice_72_1, INVOICE_DATE
Tyler Hoffman,invoice_72_1,GUEST_NAME
7915,invoice_72_1,INVOICE_NUMBER
2022-02-06,invoice_73_1, INVOICE_DATE
James Nichols,invoice_73_1,GUEST_NAME
2861,invoice_73_1,INVOICE_NUMBER
2022-08-18,invoice_74_1, INVOICE_DATE
Wayne Palmer,invoice_74_1,GUEST_NAME
8064,invoice_74_1,INVOICE_NUMBER
2022-04-05,invoice_75_1, INVOICE_DATE
Steven Ramirez,invoice_75_1,GUEST_NAME
4841,invoice_75_1,INVOICE_NUMBER
2022-05-15,invoice_76_1, INVOICE_DATE
Lisa Taylor MD,invoice_76_1,GUEST_NAME
8195,invoice_76_1,INVOICE_NUMBER
2021-09-23,invoice_77_1, INVOICE_DATE
Jennifer Allen,invoice_77_1,GUEST_NAME
2593,invoice_77_1,INVOICE_NUMBER
2022-02-06,invoice_78_1, INVOICE_DATE
Alexandra Reeves,invoice_78_1,GUEST_NAME
5294,invoice_78_1,INVOICE_NUMBER
2022-08-26,invoice_79_1, INVOICE_DATE
Sabrina Mullins,invoice_79_1,GUEST_NAME
7115,invoice_79_1,INVOICE_NUMBER
2021-10-23,invoice_80_1, INVOICE_DATE
Michelle Pollard,invoice_80_1,GUEST_NAME
1876,invoice_80_1,INVOICE_NUMBER
2021-11-07,invoice_81_1, INVOICE_DATE
Elizabeth Chan,invoice_81_1,GUEST_NAME
5234,invoice_81_1,INVOICE_NUMBER
2022-05-09,invoice_82_1, INVOICE_DATE
Jennifer Robinson,invoice_82_1,GUEST_NAME
2527,invoice_82_1,INVOICE_NUMBER
2022-07-14,invoice_83_1, INVOICE_DATE
Laura Compton,invoice_83_1,GUEST_NAME
9119,invoice_83_1,INVOICE_NUMBER
2021-09-29,invoice_84_1, INVOICE_DATE
Louis Young,invoice_84_1,GUEST_NAME
3975,invoice_84_1,INVOICE_NUMBER
2022-03-23,invoice_85_1, INVOICE_DATE
Austin Leon,invoice_85_1,GUEST_NAME
5797,invoice_85_1,INVOICE_NUMBER
2022-07-18,invoice_86_1, INVOICE_DATE
Patrick Craig,invoice_86_1,GUEST_NAME
1965,invoice_86_1,INVOICE_NUMBER
2022-04-27,invoice_87_1, INVOICE_DATE
Jessica Snyder,invoice_87_1,GUEST_NAME
8315,invoice_87_1,INVOICE_NUMBER
2021-11-01,invoice_88_1, INVOICE_DATE
Heather Moody,invoice_88_1,GUEST_NAME
3065,invoice_88_1,INVOICE_NUMBER
2022-07-27,invoice_89_1, INVOICE_DATE
Stephanie Rivas,invoice_89_1,GUEST_NAME
7678,invoice_89_1,INVOICE_NUMBER
2021-10-01,invoice_90_1, INVOICE_DATE
Chris Mcclure,invoice_90_1,GUEST_NAME
5417,invoice_90_1,INVOICE_NUMBER
2022-06-08,invoice_91_1, INVOICE_DATE
Jason Smith,invoice_91_1,GUEST_NAME
3020,invoice_91_1,INVOICE_NUMBER
2021-12-20,invoice_92_1, INVOICE_DATE
Kristen Hunter,invoice_92_1,GUEST_NAME
7742,invoice_92_1,INVOICE_NUMBER
2022-03-03,invoice_93_1, INVOICE_DATE
Franklin Hernandez,invoice_93_1,GUEST_NAME
7230,invoice_93_1,INVOICE_NUMBER
2022-03-03,invoice_94_1, INVOICE_DATE
Nathaniel York,invoice_94_1,GUEST_NAME
5258,invoice_94_1,INVOICE_NUMBER
2021-09-10,invoice_95_1, INVOICE_DATE
Jennifer Meadows,invoice_95_1,GUEST_NAME
6211,invoice_95_1,INVOICE_NUMBER
2021-12-20,invoice_96_1, INVOICE_DATE
Miguel Gallegos,invoice_96_1,GUEST_NAME
9691,invoice_96_1,INVOICE_NUMBER
2021-09-04,invoice_97_1, INVOICE_DATE
Amber Rollins,invoice_97_1,GUEST_NAME
3999,invoice_97_1,INVOICE_NUMBER
2022-02-28,invoice_98_1, INVOICE_DATE
Ryan Simon,invoice_98_1,GUEST_NAME
2851,invoice_98_1,INVOICE_NUMBER
2022-06-20,invoice_99_1, INVOICE_DATE
Julie Nixon,invoice_99_1,GUEST_NAME
1310,invoice_99_1,INVOICE_NUMBER
2022-06-24,invoice_0_2, INVOICE_DATE
Judy Hawkins,invoice_0_2,GUEST_NAME
6595,invoice_0_2,INVOICE_NUMBER
2022-08-12,invoice_1_2, INVOICE_DATE
Jessica Gonzalez,invoice_1_2,GUEST_NAME
1012,invoice_1_2,INVOICE_NUMBER
2022-03-08,invoice_2_2, INVOICE_DATE
Pamela Miller,invoice_2_2,GUEST_NAME
9940,invoice_2_2,INVOICE_NUMBER
2021-11-09,invoice_3_2, INVOICE_DATE
Amy Ferguson,invoice_3_2,GUEST_NAME
2534,invoice_3_2,INVOICE_NUMBER
2021-11-27,invoice_4_2, INVOICE_DATE
Joshua Nolan,invoice_4_2,GUEST_NAME
8208,invoice_4_2,INVOICE_NUMBER
2022-08-22,invoice_5_2, INVOICE_DATE
Maria Cook,invoice_5_2,GUEST_NAME
9712,invoice_5_2,INVOICE_NUMBER
2022-08-16,invoice_6_2, INVOICE_DATE
Alicia Stone,invoice_6_2,GUEST_NAME
4964,invoice_6_2,INVOICE_NUMBER
2021-12-19,invoice_7_2, INVOICE_DATE
Kristina Ramos,invoice_7_2,GUEST_NAME
7990,invoice_7_2,INVOICE_NUMBER
2022-06-18,invoice_8_2, INVOICE_DATE
David Cruz,invoice_8_2,GUEST_NAME
8660,invoice_8_2,INVOICE_NUMBER
2022-03-27,invoice_9_2, INVOICE_DATE
Sara Jenkins,invoice_9_2,GUEST_NAME
1540,invoice_9_2,INVOICE_NUMBER
2022-04-24,invoice_10_2, INVOICE_DATE
Yolanda Schwartz,invoice_10_2,GUEST_NAME
3135,invoice_10_2,INVOICE_NUMBER
2021-11-23,invoice_11_2, INVOICE_DATE
Maria Smith,invoice_11_2,GUEST_NAME
6054,invoice_11_2,INVOICE_NUMBER
2022-08-06,invoice_12_2, INVOICE_DATE
Nathan Miller,invoice_12_2,GUEST_NAME
7421,invoice_12_2,INVOICE_NUMBER
2021-09-25,invoice_13_2, INVOICE_DATE
Kimberly Marshall,invoice_13_2,GUEST_NAME
9856,invoice_13_2,INVOICE_NUMBER
2021-11-22,invoice_14_2, INVOICE_DATE
James Hill,invoice_14_2,GUEST_NAME
9846,invoice_14_2,INVOICE_NUMBER
2022-04-24,invoice_15_2, INVOICE_DATE
Jessica Tran,invoice_15_2,GUEST_NAME
2830,invoice_15_2,INVOICE_NUMBER
2022-06-23,invoice_16_2, INVOICE_DATE
Michael Guerra,invoice_16_2,GUEST_NAME
6183,invoice_16_2,INVOICE_NUMBER
2022-02-22,invoice_17_2, INVOICE_DATE
James Lyons,invoice_17_2,GUEST_NAME
7030,invoice_17_2,INVOICE_NUMBER
2021-12-03,invoice_18_2, INVOICE_DATE
Karen Hood,invoice_18_2,GUEST_NAME
9664,invoice_18_2,INVOICE_NUMBER
2022-06-11,invoice_19_2, INVOICE_DATE
Caitlin Gates,invoice_19_2,GUEST_NAME
5985,invoice_19_2,INVOICE_NUMBER
2022-02-18,invoice_20_2, INVOICE_DATE
Nicole Walter,invoice_20_2,GUEST_NAME
8173,invoice_20_2,INVOICE_NUMBER
2022-04-05,invoice_21_2, INVOICE_DATE
Connie Moore,invoice_21_2,GUEST_NAME
6146,invoice_21_2,INVOICE_NUMBER
2021-10-04,invoice_22_2, INVOICE_DATE
Scott Mendoza,invoice_22_2,GUEST_NAME
5342,invoice_22_2,INVOICE_NUMBER
2021-09-17,invoice_23_2, INVOICE_DATE
Sean Horton,invoice_23_2,GUEST_NAME
6116,invoice_23_2,INVOICE_NUMBER
2022-07-28,invoice_24_2, INVOICE_DATE
Brad Bean,invoice_24_2,GUEST_NAME
8733,invoice_24_2,INVOICE_NUMBER
2022-04-14,invoice_25_2, INVOICE_DATE
Randy Stevens,invoice_25_2,GUEST_NAME
4283,invoice_25_2,INVOICE_NUMBER
2022-01-23,invoice_26_2, INVOICE_DATE
Kyle Goodman,invoice_26_2,GUEST_NAME
7122,invoice_26_2,INVOICE_NUMBER
2021-12-13,invoice_27_2, INVOICE_DATE
Amanda Conner,invoice_27_2,GUEST_NAME
4116,invoice_27_2,INVOICE_NUMBER
2022-05-30,invoice_28_2, INVOICE_DATE
Emily Bridges,invoice_28_2,GUEST_NAME
2579,invoice_28_2,INVOICE_NUMBER
2021-11-24,invoice_29_2, INVOICE_DATE
Jordan Scott,invoice_29_2,GUEST_NAME
2814,invoice_29_2,INVOICE_NUMBER
2022-03-31,invoice_30_2, INVOICE_DATE
Luis Snyder,invoice_30_2,GUEST_NAME
4814,invoice_30_2,INVOICE_NUMBER
2022-08-24,invoice_31_2, INVOICE_DATE
Anthony Foster,invoice_31_2,GUEST_NAME
8178,invoice_31_2,INVOICE_NUMBER
2022-01-02,invoice_32_2, INVOICE_DATE
Anne Daniel,invoice_32_2,GUEST_NAME
5021,invoice_32_2,INVOICE_NUMBER
2021-11-02,invoice_33_2, INVOICE_DATE
Deanna Wallace,invoice_33_2,GUEST_NAME
2911,invoice_33_2,INVOICE_NUMBER
2022-03-02,invoice_34_2, INVOICE_DATE
Jennifer Phillips,invoice_34_2,GUEST_NAME
2481,invoice_34_2,INVOICE_NUMBER
2022-03-29,invoice_35_2, INVOICE_DATE
Shelly Johnston,invoice_35_2,GUEST_NAME
4630,invoice_35_2,INVOICE_NUMBER
2021-11-16,invoice_36_2, INVOICE_DATE
Angela Jacobs,invoice_36_2,GUEST_NAME
5747,invoice_36_2,INVOICE_NUMBER
2022-04-29,invoice_37_2, INVOICE_DATE
Mario Cook,invoice_37_2,GUEST_NAME
8093,invoice_37_2,INVOICE_NUMBER
2022-01-23,invoice_38_2, INVOICE_DATE
Cheryl Price,invoice_38_2,GUEST_NAME
8152,invoice_38_2,INVOICE_NUMBER
2021-12-24,invoice_39_2, INVOICE_DATE
Jennifer Thomas,invoice_39_2,GUEST_NAME
9867,invoice_39_2,INVOICE_NUMBER
2022-05-30,invoice_40_2, INVOICE_DATE
Mike Cunningham,invoice_40_2,GUEST_NAME
6271,invoice_40_2,INVOICE_NUMBER
2021-11-21,invoice_41_2, INVOICE_DATE
Lori Rogers,invoice_41_2,GUEST_NAME
8786,invoice_41_2,INVOICE_NUMBER
2022-06-30,invoice_42_2, INVOICE_DATE
Amber Fritz,invoice_42_2,GUEST_NAME
9007,invoice_42_2,INVOICE_NUMBER
2021-09-29,invoice_43_2, INVOICE_DATE
Matthew Baker,invoice_43_2,GUEST_NAME
7691,invoice_43_2,INVOICE_NUMBER
2022-06-14,invoice_44_2, INVOICE_DATE
Virginia Bush,invoice_44_2,GUEST_NAME
3251,invoice_44_2,INVOICE_NUMBER
2022-06-13,invoice_45_2, INVOICE_DATE
Terri Moore,invoice_45_2,GUEST_NAME
9859,invoice_45_2,INVOICE_NUMBER
2022-01-31,invoice_46_2, INVOICE_DATE
Joel Harrington,invoice_46_2,GUEST_NAME
8917,invoice_46_2,INVOICE_NUMBER
2022-06-25,invoice_47_2, INVOICE_DATE
Gregory Payne Jr.,invoice_47_2,GUEST_NAME
1594,invoice_47_2,INVOICE_NUMBER
2022-08-16,invoice_48_2, INVOICE_DATE
Billy Wallace,invoice_48_2,GUEST_NAME
2295,invoice_48_2,INVOICE_NUMBER
2022-05-03,invoice_49_2, INVOICE_DATE
Keith Austin,invoice_49_2,GUEST_NAME
2329,invoice_49_2,INVOICE_NUMBER
2021-09-19,invoice_50_2, INVOICE_DATE
Jason Perez,invoice_50_2,GUEST_NAME
6721,invoice_50_2,INVOICE_NUMBER
2021-11-05,invoice_51_2, INVOICE_DATE
Jasmine Hatfield,invoice_51_2,GUEST_NAME
2074,invoice_51_2,INVOICE_NUMBER
2022-01-17,invoice_52_2, INVOICE_DATE
Joy Murphy,invoice_52_2,GUEST_NAME
5426,invoice_52_2,INVOICE_NUMBER
2022-04-08,invoice_53_2, INVOICE_DATE
James Kelly,invoice_53_2,GUEST_NAME
3364,invoice_53_2,INVOICE_NUMBER
2021-11-07,invoice_54_2, INVOICE_DATE
Jason Porter,invoice_54_2,GUEST_NAME
6169,invoice_54_2,INVOICE_NUMBER
2022-02-01,invoice_55_2, INVOICE_DATE
Corey Odom,invoice_55_2,GUEST_NAME
2821,invoice_55_2,INVOICE_NUMBER
2022-07-03,invoice_56_2, INVOICE_DATE
Jay Nguyen,invoice_56_2,GUEST_NAME
1391,invoice_56_2,INVOICE_NUMBER
2022-03-01,invoice_57_2, INVOICE_DATE
Mrs. Cheyenne Knight,invoice_57_2,GUEST_NAME
8062,invoice_57_2,INVOICE_NUMBER
2022-05-21,invoice_58_2, INVOICE_DATE
Sandra Bennett,invoice_58_2,GUEST_NAME
4924,invoice_58_2,INVOICE_NUMBER
2021-11-05,invoice_59_2, INVOICE_DATE
Isabella Fox,invoice_59_2,GUEST_NAME
7613,invoice_59_2,INVOICE_NUMBER
2022-07-02,invoice_60_2, INVOICE_DATE
Jennifer Le,invoice_60_2,GUEST_NAME
8445,invoice_60_2,INVOICE_NUMBER
2022-07-08,invoice_61_2, INVOICE_DATE
Ryan Singh,invoice_61_2,GUEST_NAME
7245,invoice_61_2,INVOICE_NUMBER
2022-03-04,invoice_62_2, INVOICE_DATE
Mr. Anthony Drake,invoice_62_2,GUEST_NAME
5985,invoice_62_2,INVOICE_NUMBER
2021-10-13,invoice_63_2, INVOICE_DATE
Derek Drake,invoice_63_2,GUEST_NAME
8696,invoice_63_2,INVOICE_NUMBER
2021-09-18,invoice_64_2, INVOICE_DATE
Samantha Myers,invoice_64_2,GUEST_NAME
5319,invoice_64_2,INVOICE_NUMBER
2021-10-30,invoice_65_2, INVOICE_DATE
Kimberly Schultz,invoice_65_2,GUEST_NAME
2892,invoice_65_2,INVOICE_NUMBER
2022-04-02,invoice_66_2, INVOICE_DATE
Christopher Warren,invoice_66_2,GUEST_NAME
5974,invoice_66_2,INVOICE_NUMBER
2022-02-05,invoice_67_2, INVOICE_DATE
Christopher Pierce,invoice_67_2,GUEST_NAME
5990,invoice_67_2,INVOICE_NUMBER
2022-05-11,invoice_68_2, INVOICE_DATE
John Arnold,invoice_68_2,GUEST_NAME
4743,invoice_68_2,INVOICE_NUMBER
2021-12-29,invoice_69_2, INVOICE_DATE
Christopher Marshall,invoice_69_2,GUEST_NAME
1872,invoice_69_2,INVOICE_NUMBER
2021-12-25,invoice_70_2, INVOICE_DATE
John Vazquez,invoice_70_2,GUEST_NAME
2289,invoice_70_2,INVOICE_NUMBER
2021-09-02,invoice_71_2, INVOICE_DATE
Melissa Roberts,invoice_71_2,GUEST_NAME
9555,invoice_71_2,INVOICE_NUMBER
2021-11-16,invoice_72_2, INVOICE_DATE
Carolyn Diaz,invoice_72_2,GUEST_NAME
6336,invoice_72_2,INVOICE_NUMBER
2022-05-08,invoice_73_2, INVOICE_DATE
Valerie Davis,invoice_73_2,GUEST_NAME
9674,invoice_73_2,INVOICE_NUMBER
2022-01-31,invoice_74_2, INVOICE_DATE
Mariah Alexander,invoice_74_2,GUEST_NAME
2550,invoice_74_2,INVOICE_NUMBER
2022-01-06,invoice_75_2, INVOICE_DATE
Stanley Combs,invoice_75_2,GUEST_NAME
9398,invoice_75_2,INVOICE_NUMBER
2021-11-12,invoice_76_2, INVOICE_DATE
Jonathan Marquez,invoice_76_2,GUEST_NAME
4930,invoice_76_2,INVOICE_NUMBER
2022-07-24,invoice_77_2, INVOICE_DATE
Rachel Lewis,invoice_77_2,GUEST_NAME
6393,invoice_77_2,INVOICE_NUMBER
2022-02-03,invoice_78_2, INVOICE_DATE
Kevin Greer Jr.,invoice_78_2,GUEST_NAME
6987,invoice_78_2,INVOICE_NUMBER
2021-12-08,invoice_79_2, INVOICE_DATE
Carl Conway,invoice_79_2,GUEST_NAME
4673,invoice_79_2,INVOICE_NUMBER
2022-08-19,invoice_80_2, INVOICE_DATE
Tracey Lindsey,invoice_80_2,GUEST_NAME
7398,invoice_80_2,INVOICE_NUMBER
2022-05-30,invoice_81_2, INVOICE_DATE
Tammy Dennis,invoice_81_2,GUEST_NAME
8036,invoice_81_2,INVOICE_NUMBER
2021-09-23,invoice_82_2, INVOICE_DATE
Mitchell Zamora,invoice_82_2,GUEST_NAME
8256,invoice_82_2,INVOICE_NUMBER
2022-07-22,invoice_83_2, INVOICE_DATE
Dominique Booker,invoice_83_2,GUEST_NAME
5905,invoice_83_2,INVOICE_NUMBER
2021-10-08,invoice_84_2, INVOICE_DATE
Jason Gibson,invoice_84_2,GUEST_NAME
2777,invoice_84_2,INVOICE_NUMBER
2022-03-22,invoice_85_2, INVOICE_DATE
Joanna Moore,invoice_85_2,GUEST_NAME
9316,invoice_85_2,INVOICE_NUMBER
2022-06-18,invoice_86_2, INVOICE_DATE
Patricia Morris,invoice_86_2,GUEST_NAME
5724,invoice_86_2,INVOICE_NUMBER
2021-12-02,invoice_87_2, INVOICE_DATE
Frederick Moran,invoice_87_2,GUEST_NAME
8665,invoice_87_2,INVOICE_NUMBER
2021-11-08,invoice_88_2, INVOICE_DATE
Jason Randolph,invoice_88_2,GUEST_NAME
6434,invoice_88_2,INVOICE_NUMBER
2022-08-16,invoice_89_2, INVOICE_DATE
Amy Morris,invoice_89_2,GUEST_NAME
9485,invoice_89_2,INVOICE_NUMBER
2022-05-12,invoice_90_2, INVOICE_DATE
Rhonda Maldonado,invoice_90_2,GUEST_NAME
6399,invoice_90_2,INVOICE_NUMBER
2021-09-25,invoice_91_2, INVOICE_DATE
Gregory Roberts,invoice_91_2,GUEST_NAME
2187,invoice_91_2,INVOICE_NUMBER
2022-07-22,invoice_92_2, INVOICE_DATE
Mrs. Erica Stephenson,invoice_92_2,GUEST_NAME
3587,invoice_92_2,INVOICE_NUMBER
2022-02-13,invoice_93_2, INVOICE_DATE
James Peterson,invoice_93_2,GUEST_NAME
3430,invoice_93_2,INVOICE_NUMBER
2021-11-24,invoice_94_2, INVOICE_DATE
John Sherman,invoice_94_2,GUEST_NAME
7964,invoice_94_2,INVOICE_NUMBER
2021-12-30,invoice_95_2, INVOICE_DATE
Tiffany Hinton,invoice_95_2,GUEST_NAME
8641,invoice_95_2,INVOICE_NUMBER
2022-01-28,invoice_96_2, INVOICE_DATE
Mark Moore,invoice_96_2,GUEST_NAME
8228,invoice_96_2,INVOICE_NUMBER
2022-06-26,invoice_97_2, INVOICE_DATE
Linda Stevens,invoice_97_2,GUEST_NAME
8962,invoice_97_2,INVOICE_NUMBER
2021-09-08,invoice_98_2, INVOICE_DATE
Christina Murphy,invoice_98_2,GUEST_NAME
2159,invoice_98_2,INVOICE_NUMBER
2022-05-10,invoice_99_2, INVOICE_DATE
Alyssa Ball,invoice_99_2,GUEST_NAME
9048,invoice_99_2,INVOICE_NUMBER
2021-11-01,invoice_0_3, INVOICE_DATE
2466,invoice_0_3,INVOICE_NUMBER
James Navarro,invoice_0_3,GUEST_NAME
2022-02-10,invoice_1_3, INVOICE_DATE
4242,invoice_1_3,INVOICE_NUMBER
Kim Silva,invoice_1_3,GUEST_NAME
2022-01-04,invoice_2_3, INVOICE_DATE
1600,invoice_2_3,INVOICE_NUMBER
Darlene Pittman,invoice_2_3,GUEST_NAME
2022-05-09,invoice_3_3, INVOICE_DATE
4702,invoice_3_3,INVOICE_NUMBER
John Clark,invoice_3_3,GUEST_NAME
2022-06-26,invoice_4_3, INVOICE_DATE
7051,invoice_4_3,INVOICE_NUMBER
Erica Lamb,invoice_4_3,GUEST_NAME
2022-02-11,invoice_5_3, INVOICE_DATE
6349,invoice_5_3,INVOICE_NUMBER
Douglas Mason,invoice_5_3,GUEST_NAME
2021-11-25,invoice_6_3, INVOICE_DATE
9976,invoice_6_3,INVOICE_NUMBER
Martin Gates,invoice_6_3,GUEST_NAME
2021-10-05,invoice_7_3, INVOICE_DATE
6018,invoice_7_3,INVOICE_NUMBER
Jennifer Davila,invoice_7_3,GUEST_NAME
2022-01-01,invoice_8_3, INVOICE_DATE
1015,invoice_8_3,INVOICE_NUMBER
Trevor Patrick,invoice_8_3,GUEST_NAME
2022-05-05,invoice_9_3, INVOICE_DATE
7770,invoice_9_3,INVOICE_NUMBER
Hannah Smith,invoice_9_3,GUEST_NAME
2022-06-03,invoice_10_3, INVOICE_DATE
6493,invoice_10_3,INVOICE_NUMBER
Anna Austin,invoice_10_3,GUEST_NAME
2022-08-01,invoice_11_3, INVOICE_DATE
6888,invoice_11_3,INVOICE_NUMBER
David Mendez,invoice_11_3,GUEST_NAME
2022-03-29,invoice_12_3, INVOICE_DATE
3117,invoice_12_3,INVOICE_NUMBER
Cynthia Robinson,invoice_12_3,GUEST_NAME
2021-12-03,invoice_13_3, INVOICE_DATE
2724,invoice_13_3,INVOICE_NUMBER
Heather Hall,invoice_13_3,GUEST_NAME
2022-05-10,invoice_14_3, INVOICE_DATE
6906,invoice_14_3,INVOICE_NUMBER
Christina Aguilar,invoice_14_3,GUEST_NAME
2022-06-26,invoice_15_3, INVOICE_DATE
6535,invoice_15_3,INVOICE_NUMBER
Cassandra Velasquez,invoice_15_3,GUEST_NAME
2022-02-03,invoice_16_3, INVOICE_DATE
3716,invoice_16_3,INVOICE_NUMBER
Whitney Hughes,invoice_16_3,GUEST_NAME
2022-03-03,invoice_17_3, INVOICE_DATE
5905,invoice_17_3,INVOICE_NUMBER
Timothy Clark,invoice_17_3,GUEST_NAME
2021-09-04,invoice_18_3, INVOICE_DATE
2936,invoice_18_3,INVOICE_NUMBER
Justin Zamora,invoice_18_3,GUEST_NAME
2022-08-02,invoice_19_3, INVOICE_DATE
6334,invoice_19_3,INVOICE_NUMBER
Tony Williams,invoice_19_3,GUEST_NAME
2022-02-02,invoice_20_3, INVOICE_DATE
5635,invoice_20_3,INVOICE_NUMBER
Shane Bennett,invoice_20_3,GUEST_NAME
2022-05-10,invoice_21_3, INVOICE_DATE
3443,invoice_21_3,INVOICE_NUMBER
Kevin Snyder,invoice_21_3,GUEST_NAME
2022-06-03,invoice_22_3, INVOICE_DATE
6725,invoice_22_3,INVOICE_NUMBER
William Merritt,invoice_22_3,GUEST_NAME
2022-07-17,invoice_23_3, INVOICE_DATE
4689,invoice_23_3,INVOICE_NUMBER
Alexis Maxwell,invoice_23_3,GUEST_NAME
2021-09-25,invoice_24_3, INVOICE_DATE
1841,invoice_24_3,INVOICE_NUMBER
Mark Johnson,invoice_24_3,GUEST_NAME
2021-11-09,invoice_25_3, INVOICE_DATE
9159,invoice_25_3,INVOICE_NUMBER
Samuel Wheeler,invoice_25_3,GUEST_NAME
2022-05-18,invoice_26_3, INVOICE_DATE
5465,invoice_26_3,INVOICE_NUMBER
Patricia Evans,invoice_26_3,GUEST_NAME
2021-09-10,invoice_27_3, INVOICE_DATE
1321,invoice_27_3,INVOICE_NUMBER
Victoria Nguyen,invoice_27_3,GUEST_NAME
2022-06-25,invoice_28_3, INVOICE_DATE
4867,invoice_28_3,INVOICE_NUMBER
Amanda Chen,invoice_28_3,GUEST_NAME
2021-09-24,invoice_29_3, INVOICE_DATE
3956,invoice_29_3,INVOICE_NUMBER
Ellen Miranda,invoice_29_3,GUEST_NAME
2022-05-07,invoice_30_3, INVOICE_DATE
5788,invoice_30_3,INVOICE_NUMBER
David Carter,invoice_30_3,GUEST_NAME
2022-07-12,invoice_31_3, INVOICE_DATE
2615,invoice_31_3,INVOICE_NUMBER
Eric Reid,invoice_31_3,GUEST_NAME
2021-09-02,invoice_32_3, INVOICE_DATE
3156,invoice_32_3,INVOICE_NUMBER
Shari Bauer,invoice_32_3,GUEST_NAME
2022-02-14,invoice_33_3, INVOICE_DATE
6380,invoice_33_3,INVOICE_NUMBER
Robert Bennett,invoice_33_3,GUEST_NAME
2022-03-30,invoice_34_3, INVOICE_DATE
9537,invoice_34_3,INVOICE_NUMBER
Jennifer Barnes,invoice_34_3,GUEST_NAME
2021-09-26,invoice_35_3, INVOICE_DATE
8891,invoice_35_3,INVOICE_NUMBER
Bryan Knox,invoice_35_3,GUEST_NAME
2022-02-13,invoice_36_3, INVOICE_DATE
1682,invoice_36_3,INVOICE_NUMBER
Richard Burke,invoice_36_3,GUEST_NAME
2022-06-04,invoice_37_3, INVOICE_DATE
4569,invoice_37_3,INVOICE_NUMBER
Johnathan Carlson,invoice_37_3,GUEST_NAME
2022-07-30,invoice_38_3, INVOICE_DATE
9015,invoice_38_3,INVOICE_NUMBER
Shelby May,invoice_38_3,GUEST_NAME
2022-08-07,invoice_39_3, INVOICE_DATE
5573,invoice_39_3,INVOICE_NUMBER
Diana Goodwin,invoice_39_3,GUEST_NAME
2021-11-12,invoice_40_3, INVOICE_DATE
8589,invoice_40_3,INVOICE_NUMBER
Jennifer Sanchez,invoice_40_3,GUEST_NAME
2021-12-08,invoice_41_3, INVOICE_DATE
9874,invoice_41_3,INVOICE_NUMBER
Phillip Stokes,invoice_41_3,GUEST_NAME
2022-06-03,invoice_42_3, INVOICE_DATE
9134,invoice_42_3,INVOICE_NUMBER
Jessica Cook,invoice_42_3,GUEST_NAME
2022-02-10,invoice_43_3, INVOICE_DATE
6433,invoice_43_3,INVOICE_NUMBER
Laura Jimenez,invoice_43_3,GUEST_NAME
2022-05-03,invoice_44_3, INVOICE_DATE
2704,invoice_44_3,INVOICE_NUMBER
Kelsey Hall,invoice_44_3,GUEST_NAME
2022-06-29,invoice_45_3, INVOICE_DATE
2887,invoice_45_3,INVOICE_NUMBER
Sarah White,invoice_45_3,GUEST_NAME
2022-08-27,invoice_46_3, INVOICE_DATE
1190,invoice_46_3,INVOICE_NUMBER
Kevin Rodriguez,invoice_46_3,GUEST_NAME
2022-01-06,invoice_47_3, INVOICE_DATE
9573,invoice_47_3,INVOICE_NUMBER
Joshua Avila,invoice_47_3,GUEST_NAME
2021-09-03,invoice_48_3, INVOICE_DATE
4030,invoice_48_3,INVOICE_NUMBER
John Ball,invoice_48_3,GUEST_NAME
2022-08-25,invoice_49_3, INVOICE_DATE
1739,invoice_49_3,INVOICE_NUMBER
Mia Jordan,invoice_49_3,GUEST_NAME
2021-12-11,invoice_50_3, INVOICE_DATE
5736,invoice_50_3,INVOICE_NUMBER
Marcia Walton,invoice_50_3,GUEST_NAME
2022-05-26,invoice_51_3, INVOICE_DATE
2228,invoice_51_3,INVOICE_NUMBER
Jimmy Morton,invoice_51_3,GUEST_NAME
2021-09-18,invoice_52_3, INVOICE_DATE
2488,invoice_52_3,INVOICE_NUMBER
Virginia Serrano,invoice_52_3,GUEST_NAME
2021-12-26,invoice_53_3, INVOICE_DATE
5400,invoice_53_3,INVOICE_NUMBER
Elizabeth Carey,invoice_53_3,GUEST_NAME
2022-01-02,invoice_54_3, INVOICE_DATE
6817,invoice_54_3,INVOICE_NUMBER
Wendy Fields,invoice_54_3,GUEST_NAME
2021-08-31,invoice_55_3, INVOICE_DATE
7824,invoice_55_3,INVOICE_NUMBER
Gina Sanders,invoice_55_3,GUEST_NAME
2021-11-03,invoice_56_3, INVOICE_DATE
5577,invoice_56_3,INVOICE_NUMBER
Judy Stark,invoice_56_3,GUEST_NAME
2022-05-14,invoice_57_3, INVOICE_DATE
7935,invoice_57_3,INVOICE_NUMBER
Zachary White,invoice_57_3,GUEST_NAME
2021-09-24,invoice_58_3, INVOICE_DATE
2027,invoice_58_3,INVOICE_NUMBER
Benjamin Harrington,invoice_58_3,GUEST_NAME
2021-12-01,invoice_59_3, INVOICE_DATE
4808,invoice_59_3,INVOICE_NUMBER
Javier Lopez,invoice_59_3,GUEST_NAME
2021-12-05,invoice_60_3, INVOICE_DATE
9423,invoice_60_3,INVOICE_NUMBER
Kelly Taylor,invoice_60_3,GUEST_NAME
2022-05-19,invoice_61_3, INVOICE_DATE
5815,invoice_61_3,INVOICE_NUMBER
Emily Taylor,invoice_61_3,GUEST_NAME
2022-07-18,invoice_62_3, INVOICE_DATE
6487,invoice_62_3,INVOICE_NUMBER
Lindsay Kennedy,invoice_62_3,GUEST_NAME
2022-07-09,invoice_63_3, INVOICE_DATE
8781,invoice_63_3,INVOICE_NUMBER
Christina Brown,invoice_63_3,GUEST_NAME
2021-10-03,invoice_64_3, INVOICE_DATE
1335,invoice_64_3,INVOICE_NUMBER
Taylor Stein,invoice_64_3,GUEST_NAME
2022-07-04,invoice_65_3, INVOICE_DATE
3975,invoice_65_3,INVOICE_NUMBER
Julie Rivera,invoice_65_3,GUEST_NAME
2022-05-29,invoice_66_3, INVOICE_DATE
8344,invoice_66_3,INVOICE_NUMBER
Emily Carson,invoice_66_3,GUEST_NAME
2021-10-20,invoice_67_3, INVOICE_DATE
9165,invoice_67_3,INVOICE_NUMBER
Olivia Mccarthy,invoice_67_3,GUEST_NAME
2022-06-05,invoice_68_3, INVOICE_DATE
9231,invoice_68_3,INVOICE_NUMBER
Mary Campbell,invoice_68_3,GUEST_NAME
2021-12-01,invoice_69_3, INVOICE_DATE
1048,invoice_69_3,INVOICE_NUMBER
Anita Ross,invoice_69_3,GUEST_NAME
2022-06-21,invoice_70_3, INVOICE_DATE
8222,invoice_70_3,INVOICE_NUMBER
Jesse Cross,invoice_70_3,GUEST_NAME
2022-03-07,invoice_71_3, INVOICE_DATE
1878,invoice_71_3,INVOICE_NUMBER
Bradley Sutton MD,invoice_71_3,GUEST_NAME
2021-12-08,invoice_72_3, INVOICE_DATE
8231,invoice_72_3,INVOICE_NUMBER
Donna Mack,invoice_72_3,GUEST_NAME
2022-05-09,invoice_73_3, INVOICE_DATE
4430,invoice_73_3,INVOICE_NUMBER
Joseph Diaz,invoice_73_3,GUEST_NAME
2022-07-21,invoice_74_3, INVOICE_DATE
3953,invoice_74_3,INVOICE_NUMBER
Cody Lambert,invoice_74_3,GUEST_NAME
2022-06-12,invoice_75_3, INVOICE_DATE
4638,invoice_75_3,INVOICE_NUMBER
Brittney Foster,invoice_75_3,GUEST_NAME
2022-03-17,invoice_76_3, INVOICE_DATE
4462,invoice_76_3,INVOICE_NUMBER
Joshua Zuniga,invoice_76_3,GUEST_NAME
2022-08-17,invoice_77_3, INVOICE_DATE
2334,invoice_77_3,INVOICE_NUMBER
Jessica Dougherty,invoice_77_3,GUEST_NAME
2022-06-22,invoice_78_3, INVOICE_DATE
8878,invoice_78_3,INVOICE_NUMBER
Mr. Ryan Miller Jr.,invoice_78_3,GUEST_NAME
2022-01-12,invoice_79_3, INVOICE_DATE
9313,invoice_79_3,INVOICE_NUMBER
Jennifer Barry,invoice_79_3,GUEST_NAME
2022-07-08,invoice_80_3, INVOICE_DATE
1155,invoice_80_3,INVOICE_NUMBER
Christopher Sullivan,invoice_80_3,GUEST_NAME
2022-01-15,invoice_81_3, INVOICE_DATE
6716,invoice_81_3,INVOICE_NUMBER
Joshua Cox,invoice_81_3,GUEST_NAME
2021-10-09,invoice_82_3, INVOICE_DATE
7588,invoice_82_3,INVOICE_NUMBER
Ronald Brennan,invoice_82_3,GUEST_NAME
2022-07-25,invoice_83_3, INVOICE_DATE
2756,invoice_83_3,INVOICE_NUMBER
Latoya Park,invoice_83_3,GUEST_NAME
2021-10-11,invoice_84_3, INVOICE_DATE
4672,invoice_84_3,INVOICE_NUMBER
Kevin Harvey,invoice_84_3,GUEST_NAME
2021-12-28,invoice_85_3, INVOICE_DATE
8158,invoice_85_3,INVOICE_NUMBER
Thomas Garcia,invoice_85_3,GUEST_NAME
2022-02-05,invoice_86_3, INVOICE_DATE
5847,invoice_86_3,INVOICE_NUMBER
Russell Tate,invoice_86_3,GUEST_NAME
2021-11-27,invoice_87_3, INVOICE_DATE
7986,invoice_87_3,INVOICE_NUMBER
Rachel Mendez,invoice_87_3,GUEST_NAME
2022-02-11,invoice_88_3, INVOICE_DATE
8416,invoice_88_3,INVOICE_NUMBER
Crystal Lewis,invoice_88_3,GUEST_NAME
2021-11-27,invoice_89_3, INVOICE_DATE
7459,invoice_89_3,INVOICE_NUMBER
Alexis Schroeder,invoice_89_3,GUEST_NAME
2022-02-18,invoice_90_3, INVOICE_DATE
8588,invoice_90_3,INVOICE_NUMBER
Ryan Cantu,invoice_90_3,GUEST_NAME
2022-01-16,invoice_91_3, INVOICE_DATE
1872,invoice_91_3,INVOICE_NUMBER
Amber Esparza,invoice_91_3,GUEST_NAME
2022-06-28,invoice_92_3, INVOICE_DATE
6754,invoice_92_3,INVOICE_NUMBER
Miguel Garrison,invoice_92_3,GUEST_NAME
2021-11-10,invoice_93_3, INVOICE_DATE
5841,invoice_93_3,INVOICE_NUMBER
Charles Arnold,invoice_93_3,GUEST_NAME
2022-05-02,invoice_94_3, INVOICE_DATE
3126,invoice_94_3,INVOICE_NUMBER
Amber Taylor,invoice_94_3,GUEST_NAME
2022-02-01,invoice_95_3, INVOICE_DATE
3340,invoice_95_3,INVOICE_NUMBER
Jonathan Mueller,invoice_95_3,GUEST_NAME
2022-01-20,invoice_96_3, INVOICE_DATE
2276,invoice_96_3,INVOICE_NUMBER
Ashley Reynolds,invoice_96_3,GUEST_NAME
2021-10-02,invoice_97_3, INVOICE_DATE
9535,invoice_97_3,INVOICE_NUMBER
Zachary Garza,invoice_97_3,GUEST_NAME
2021-12-04,invoice_98_3, INVOICE_DATE
3990,invoice_98_3,INVOICE_NUMBER
Gloria Barnes,invoice_98_3,GUEST_NAME
2022-03-13,invoice_99_3, INVOICE_DATE
9757,invoice_99_3,INVOICE_NUMBER
William Browning,invoice_99_3,GUEST_NAME
