Michael Koch,invoice_0_1
Brian Wilson,invoice_1_1
Patricia Robinson,invoice_2_1
Stephanie Nelson,invoice_3_1
Lauren Hunt,invoice_4_1
Walter Young,invoice_5_1
Thomas Landry,invoice_6_1
Theresa Jenkins,invoice_7_1
Mr. Eddie Smith,invoice_8_1
Tyler Mosley,invoice_9_1
Kayla Chavez,invoice_10_1
Wanda Gomez,invoice_11_1
Anthony Johnson,invoice_12_1
Amber Gomez,invoice_13_1
Marilyn Rodriguez,invoice_14_1
Melvin Burton,invoice_15_1
Mrs. Jessica Vazquez,invoice_16_1
Linda Pena,invoice_17_1
Daniel Smith,invoice_18_1
Rachel Shaffer,invoice_19_1
Taylor White,invoice_20_1
Jaime Miller,invoice_21_1
Steve Kelly,invoice_22_1
Madeline Gates,invoice_23_1
Janet Hernandez,invoice_24_1
Marie Schmidt,invoice_25_1
Warren Sutton,invoice_26_1
Caitlin Newman,invoice_27_1
Stanley Brooks,invoice_28_1
Nicole Harris,invoice_29_1
Teresa Chambers,invoice_30_1
Rachel Heath,invoice_31_1
Christine Mejia,invoice_32_1
Shelly Wagner,invoice_33_1
Brianna Thomas,invoice_34_1
Robert Williams,invoice_35_1
David Trevino,invoice_36_1
Amber Bryant,invoice_37_1
Donna Mitchell,invoice_38_1
Debra Cain,invoice_39_1
Madison Keller,invoice_40_1
Ricky Phillips,invoice_41_1
Andrew Carey,invoice_42_1
Benjamin Garcia,invoice_43_1
Veronica Henderson,invoice_44_1
Brooke Brown,invoice_45_1
Todd Mcguire,invoice_46_1
Edward Bennett,invoice_47_1
Tony Griffin,invoice_48_1
Sharon Jones,invoice_49_1
Sarah Rodriguez,invoice_50_1
Mariah Dickson,invoice_51_1
Kevin Dickerson,invoice_52_1
Michelle Zuniga,invoice_53_1
Mary Ford,invoice_54_1
Michelle Sullivan,invoice_55_1
Bethany Smith,invoice_56_1
Jackson Villarreal,invoice_57_1
John Oneal,invoice_58_1
Matthew Chen,invoice_59_1
Richard Hunt,invoice_60_1
Nicholas Smith,invoice_61_1
Lisa Brown,invoice_62_1
Benjamin Sanders,invoice_63_1
Erin Ramos,invoice_64_1
David Nelson,invoice_65_1
Michael Leonard,invoice_66_1
Robert Schroeder,invoice_67_1
Nicole Anderson,invoice_68_1
Michael Porter,invoice_69_1
Mark Daniel,invoice_70_1
Amy Young,invoice_71_1
Jonathan Stewart,invoice_72_1
Vincent Watson,invoice_73_1
Timothy Cox,invoice_74_1
Jessica Griffin,invoice_75_1
Denise Fox,invoice_76_1
William Morris,invoice_77_1
Nathan Cunningham,invoice_78_1
Stephanie Hendrix,invoice_79_1
Nicole Lawson,invoice_80_1
Tony Holloway MD,invoice_81_1
Sean Hill,invoice_82_1
Scott Jarvis,invoice_83_1
Alexandra Greene,invoice_84_1
Richard Cook,invoice_85_1
Derek Osborn,invoice_86_1
David Davis,invoice_87_1
Brenda Lee,invoice_88_1
Jordan Rogers,invoice_89_1
Angela Ramirez,invoice_90_1
Monica Daniels,invoice_91_1
Courtney Jones,invoice_92_1
Jerome Olson,invoice_93_1
Claire Carlson,invoice_94_1
Tina Johnson,invoice_95_1
Brooke Lopez,invoice_96_1
Paul Jordan,invoice_97_1
Angela Carney,invoice_98_1
Pamela Hernandez,invoice_99_1
Carl Gonzalez,invoice_0_2
Bianca Stanley,invoice_1_2
Lori Richardson,invoice_2_2
Daniel Smith,invoice_3_2
James Arnold,invoice_4_2
Amanda Ortiz,invoice_5_2
Elizabeth Roberts,invoice_6_2
Carrie Mcbride,invoice_7_2
Heather Marquez,invoice_8_2
Brandon Rios,invoice_9_2
Samantha Phillips,invoice_10_2
Kenneth Evans,invoice_11_2
Bryce Vargas,invoice_12_2
Jasmine Edwards,invoice_13_2
Daryl Martinez,invoice_14_2
Anthony Cox,invoice_15_2
David Dorsey,invoice_16_2
Jane Hoover,invoice_17_2
Cindy David,invoice_18_2
Michael Avery,invoice_19_2
Robert Mitchell,invoice_20_2
Brittany Gonzalez,invoice_21_2
Christina Wise,invoice_22_2
Christopher Webb,invoice_23_2
Mark Lewis,invoice_24_2
Jason Evans,invoice_25_2
Paul Douglas,invoice_26_2
Luis Dean PhD,invoice_27_2
Stephen Levine,invoice_28_2
Holly Thompson,invoice_29_2
Austin Becker,invoice_30_2
Robert Porter,invoice_31_2
Dawn Villarreal,invoice_32_2
Yolanda Reynolds,invoice_33_2
Dawn Thompson,invoice_34_2
Jose Merritt,invoice_35_2
Daniel Kidd,invoice_36_2
James Roberts,invoice_37_2
James Anderson,invoice_38_2
Rebecca Marshall,invoice_39_2
Jesse Griffith,invoice_40_2
Melissa Wall,invoice_41_2
Luke Smith,invoice_42_2
Brandon Williams,invoice_43_2
Kim Johnson,invoice_44_2
John Johnson,invoice_45_2
Heather Cox,invoice_46_2
Robert Garcia,invoice_47_2
Luis Rodriguez,invoice_48_2
Michelle Mccarty,invoice_49_2
Scott Murphy,invoice_50_2
Michael Goodman,invoice_51_2
Yolanda Campos,invoice_52_2
Micheal Mullen,invoice_53_2
Thomas Stewart,invoice_54_2
Brian Walters,invoice_55_2
Taylor Mckee,invoice_56_2
Kim Lopez,invoice_57_2
Robert Sanchez,invoice_58_2
David Robbins,invoice_59_2
Richard Fuentes,invoice_60_2
Cameron Phillips,invoice_61_2
Jennifer Gilbert,invoice_62_2
Erik Jefferson,invoice_63_2
Cynthia Klein,invoice_64_2
Teresa Hill,invoice_65_2
Richard Johnson,invoice_66_2
Brianna Peterson,invoice_67_2
Mr. Joshua Thompson,invoice_68_2
Chelsea Padilla,invoice_69_2
Michael Aguilar,invoice_70_2
Ian Schroeder,invoice_71_2
Thomas Martinez,invoice_72_2
Deanna Garcia,invoice_73_2
Jose Gutierrez,invoice_74_2
Eric Hernandez,invoice_75_2
Ashley Powell,invoice_76_2
Wendy Watson,invoice_77_2
David Richardson MD,invoice_78_2
Amber Jones,invoice_79_2
Anthony Wood,invoice_80_2
James Rodriguez,invoice_81_2
Nicholas Bean,invoice_82_2
Lauren Sanchez,invoice_83_2
Sarah Oneal,invoice_84_2
Carol Hutchinson,invoice_85_2
Daniel Foster,invoice_86_2
Patricia Scott,invoice_87_2
Carrie Smith,invoice_88_2
Russell Smith,invoice_89_2
Amanda Shelton,invoice_90_2
Ryan Logan,invoice_91_2
Mr. Frank Franklin,invoice_92_2
Zachary House,invoice_93_2
Julie Knight,invoice_94_2
Kenneth Ortiz,invoice_95_2
Christopher Mckinney,invoice_96_2
Todd Chang MD,invoice_97_2
Nathan Perez,invoice_98_2
Joy Watson,invoice_99_2
Allison Barnett,invoice_0_3
Stacy Lewis,invoice_1_3
Edward Smith,invoice_2_3
Xavier Gray,invoice_3_3
Jennifer Hudson,invoice_4_3
Dennis Jones,invoice_5_3
Bill Grant,invoice_6_3
Diane Castro,invoice_7_3
Amanda Adkins,invoice_8_3
Jose Knight,invoice_9_3
Benjamin Craig,invoice_10_3
Sara Johns,invoice_11_3
Julie Roach,invoice_12_3
Catherine Bates,invoice_13_3
Justin Duncan,invoice_14_3
Nicholas Johnson,invoice_15_3
Tamara Taylor,invoice_16_3
Rita Morris,invoice_17_3
Emily Schultz,invoice_18_3
Julie Smith,invoice_19_3
Tammy Collins,invoice_20_3
Cynthia Graham,invoice_21_3
Sheila Newman,invoice_22_3
Brandon Higgins,invoice_23_3
Patrick Wilson,invoice_24_3
Mary Gonzalez,invoice_25_3
Jeremy Ramos,invoice_26_3
Bruce Bond,invoice_27_3
Stephanie Hurst,invoice_28_3
Nancy Cummings,invoice_29_3
Sydney Allen,invoice_30_3
Mark Thompson,invoice_31_3
Jennifer Gray,invoice_32_3
Rachel Garcia,invoice_33_3
Tiffany Strong,invoice_34_3
Donna Little,invoice_35_3
Jenna Gibson,invoice_36_3
Erika Mcmillan,invoice_37_3
Stephanie Price,invoice_38_3
John Cain,invoice_39_3
Lisa Cole,invoice_40_3
Kevin Ross,invoice_41_3
Jasmine Hall,invoice_42_3
Karen Brady,invoice_43_3
Tracy Anderson,invoice_44_3
David Hughes,invoice_45_3
Dawn Simpson,invoice_46_3
Jason Mosley,invoice_47_3
Maria Robinson,invoice_48_3
Chelsea Contreras,invoice_49_3
Aaron Fleming,invoice_50_3
Larry Pena,invoice_51_3
Michaela Allen,invoice_52_3
Adam Arroyo,invoice_53_3
Brittany Norton,invoice_54_3
Larry Drake,invoice_55_3
Jose Hines,invoice_56_3
Tyler Hansen,invoice_57_3
Marissa Clark,invoice_58_3
Michaela Gutierrez,invoice_59_3
Cody Berger DDS,invoice_60_3
Kristen Bolton,invoice_61_3
Brandon Williams,invoice_62_3
Robert Glass,invoice_63_3
Joseph Clark,invoice_64_3
Jenna Brewer,invoice_65_3
Misty Shields,invoice_66_3
Christopher Silva,invoice_67_3
Kristi Clark,invoice_68_3
April Oliver,invoice_69_3
Tonya Bennett,invoice_70_3
William Rodriguez,invoice_71_3
Kristen Sanchez,invoice_72_3
Frank Johnson,invoice_73_3
Andrew Richardson,invoice_74_3
Linda Nguyen,invoice_75_3
Michelle Atkinson,invoice_76_3
Robert Liu,invoice_77_3
Shari Peck,invoice_78_3
Amber Harvey,invoice_79_3
Melissa Grimes,invoice_80_3
Brady Medina,invoice_81_3
Christopher Lynch,invoice_82_3
Michelle Adams,invoice_83_3
Sean Diaz,invoice_84_3
Mark Avery,invoice_85_3
Dr. Jody Gibson,invoice_86_3
Nicole Marsh,invoice_87_3
Alyssa Rogers,invoice_88_3
Timothy Brown,invoice_89_3
Angela Greer,invoice_90_3
Erika Kramer,invoice_91_3
Paula May,invoice_92_3
Stephen Lane,invoice_93_3
Andrew Cummings,invoice_94_3
Danielle Anderson,invoice_95_3
Joshua Burnett,invoice_96_3
Jorge Hernandez,invoice_97_3
George Allen,invoice_98_3
David Li,invoice_99_3